{"experiment": {"cache": false, "batch_size": 8, "num_inf_steps": 15, "image_size": [256, 256]}, "clip_score": 31.438340000000004, "clip_score variance": 4.166887155733331, "runtime (s/b)": 1.7869211991628011, "runtime variance (s/b)": 0.0002621741504940978, "runtimes": [1.8456485271453857, 1.7766401767730713, 1.7791996002197266, 1.7903752326965332, 1.7801992893218994, 1.7864129543304443, 1.7846460342407227, 1.7857186794281006, 1.7891442775726318, 1.7839765548706055, 1.7801892757415771, 1.782257080078125, 1.780555009841919, 1.7761969566345215, 1.782658338546753], "clip_scores": [30.3033, 31.3768, 33.4691, 32.4976, 30.6187, 33.484, 31.5735, 35.0047, 31.5368, 28.3511, 31.8998, 34.1172, 30.7669, 29.0424, 27.5332]}