{"experiment": {"cache": false, "batch_size": 8, "num_inf_steps": 25, "image_size": [256, 256]}, "clip_score": 31.29438, "clip_score variance": 5.786796180266666, "runtime (s/b)": 3.2376384576161703, "runtime variance (s/b)": 2.724447233607228, "runtimes": [9.413498401641846, 2.794877290725708, 2.806208372116089, 2.792888879776001, 2.7897467613220215, 2.791595697402954, 2.7800848484039307, 2.8006904125213623, 2.8197622299194336, 2.7956109046936035, 2.7990286350250244, 2.7986361980438232, 2.7911376953125, 2.799712657928467, 2.79109787940979], "clip_scores": [31.2709, 30.5408, 34.2139, 32.388, 31.6601, 32.9794, 30.379, 34.8036, 31.3121, 29.0357, 32.0408, 34.9507, 30.0178, 27.721, 26.1019]}