{"experiment": {"cache": false, "batch_size": 8, "num_inf_steps": 25, "image_size": [256, 256]}, "clip_score": 31.658013333333333, "clip_score variance": 3.026693209155556, "runtime (s/b)": 4.351876942316691, "runtime variance (s/b)": 33.36325324751843, "runtimes": [25.963946104049683, 2.8011879920959473, 2.806481122970581, 2.8203978538513184, 2.8145933151245117, 2.83223032951355, 2.809969902038574, 2.820150375366211, 2.8514256477355957, 2.79911470413208, 2.789530038833618, 2.7928764820098877, 2.7884645462036133, 2.7935996055603027, 2.7941861152648926], "clip_scores": [32.4265, 31.7937, 33.601, 31.546, 32.022, 33.4574, 31.4705, 33.89, 32.1159, 29.0864, 31.7667, 33.4756, 31.4281, 29.148, 27.6424]}