{"experiment": {"cache": false, "batch_size": 8, "num_inf_steps": 25, "image_size": [512, 512]}, "clip_score": 31.780920000000002, "clip_score variance": 3.1999276415999995, "runtime (s/b)": 13.8531769434611, "runtime variance (s/b)": 59.75908933665937, "runtimes": [42.776339530944824, 11.87978720664978, 11.847869873046875, 11.693554162979126, 11.615145683288574, 11.736980676651001, 11.860549449920654, 11.896706104278564, 11.851438283920288, 11.765698909759521, 11.721071004867554, 11.735267162322998, 11.794758081436157, 11.804509401321411, 11.817978620529175], "clip_scores": [32.7938, 31.3015, 32.4747, 31.8661, 31.8234, 32.4201, 30.5835, 34.6967, 31.8783, 29.81, 32.6218, 34.6142, 32.9003, 28.592, 28.3374]}