{"experiment": {"cache": false, "batch_size": 2, "num_inf_steps": 25, "image_size": [256, 256]}, "clip_score": 31.675981666666665, "clip_score variance": 9.596207858830558, "runtime (s/b)": 1.1844188570976257, "runtime variance (s/b)": 0.0019594805507544776, "runtimes": [1.2035658359527588, 1.1920342445373535, 1.1639046669006348, 1.19106125831604, 1.1754024028778076, 1.3043639659881592, 1.1587648391723633, 1.1709473133087158, 1.149153470993042, 1.1978447437286377, 1.1444745063781738, 1.2001395225524902, 1.1853559017181396, 1.1559491157531738, 1.185713529586792, 1.1850900650024414, 1.1716020107269287, 1.2183914184570312, 1.1368348598480225, 1.3191566467285156, 1.2103445529937744, 1.1998658180236816, 1.1842103004455566, 1.3142750263214111, 1.220350980758667, 1.1578421592712402, 1.1654307842254639, 1.1511132717132568, 1.1708166599273682, 1.1568801403045654, 1.1297457218170166, 1.2026078701019287, 1.1864943504333496, 1.1630260944366455, 1.159156084060669, 1.161369800567627, 1.16298508644104, 1.2425692081451416, 1.1905992031097412, 1.1838092803955078, 1.1470417976379395, 1.26119065284729, 1.142399549484253, 1.2083029747009277, 1.1652257442474365, 1.1779985427856445, 1.1296586990356445, 1.1537928581237793, 1.1301300525665283, 1.1570093631744385, 1.1549792289733887, 1.1663014888763428, 1.1653950214385986, 1.1875791549682617, 1.1381020545959473, 1.2121515274047852, 1.3268280029296875, 1.1637637615203857, 1.2050378322601318, 1.1490004062652588], "clip_scores": [37.2036, 28.4441, 35.0375, 29.9224, 31.6581, 32.2703, 30.0243, 29.0841, 30.1526, 33.3356, 33.0813, 35.2515, 31.7716, 32.0722, 30.3299, 35.2761, 27.3431, 30.211, 29.0737, 35.3531, 31.6132, 29.9945, 33.2597, 34.7933, 30.5298, 32.4807, 31.1613, 29.8502, 33.9206, 38.127, 34.8506, 30.2302, 31.9761, 32.5748, 29.7305, 31.9065, 29.8909, 31.9432, 23.2028, 35.3447, 34.4946, 33.4983, 30.2416, 30.9536, 32.1761, 37.3085, 38.8491, 34.1561, 33.9046, 32.3878, 32.5153, 28.5747, 28.9195, 33.8901, 29.4613, 25.085, 25.6282, 27.184, 30.1503, 26.9035]}