{"experiment": {"batch_size": 2, "num_inf_steps": 15, "image_size": [320, 320]}, "clip_score": 28.140984999999997, "runtime (s)": 0.8938615282376607}