{"experiment": {"cache": false, "batch_size": 8, "num_inf_steps": 15, "image_size": [512, 512]}, "clip_score": 31.657593333333335, "clip_score variance": 4.442815553955555, "runtime (s/b)": 7.430278476079305, "runtime variance (s/b)": 0.0012784243401822296, "runtimes": [7.538923740386963, 7.452139616012573, 7.462961673736572, 7.451635360717773, 7.425788164138794, 7.403558731079102, 7.382699728012085, 7.3933775424957275, 7.411214113235474, 7.415608882904053, 7.416996002197266, 7.424855470657349, 7.434315204620361, 7.420711517333984, 7.419391393661499], "clip_scores": [31.8518, 30.7338, 31.4796, 32.7109, 31.254, 34.2081, 30.669, 34.0785, 31.3639, 28.6988, 32.1938, 35.4783, 33.6098, 28.8015, 27.7321]}