{"experiment": {"cache": false, "batch_size": 2, "num_inf_steps": 15, "image_size": [512, 512]}, "clip_score": 31.83973, "clip_score variance": 9.017523925766666, "runtime (s/b)": 1.9094339927037558, "runtime variance (s/b)": 0.00011687240962784369, "runtimes": [1.9587037563323975, 1.8938267230987549, 1.9164767265319824, 1.9047284126281738, 1.9031119346618652, 1.8979225158691406, 1.9085662364959717, 1.9059193134307861, 1.90861177444458, 1.9125571250915527, 1.9176230430603027, 1.911189317703247, 1.9078466892242432, 1.9158198833465576, 1.9396862983703613, 1.9234037399291992, 1.9177260398864746, 1.9153261184692383, 1.9082891941070557, 1.915029525756836, 1.9083125591278076, 1.9111788272857666, 1.909285306930542, 1.8958461284637451, 1.9050829410552979, 1.9017102718353271, 1.8964612483978271, 1.9002718925476074, 1.8973829746246338, 1.9009613990783691, 1.9025743007659912, 1.9078717231750488, 1.9012455940246582, 1.902946949005127, 1.9031546115875244, 1.9096779823303223, 1.9077131748199463, 1.9113836288452148, 1.9025530815124512, 1.903440237045288, 1.9081323146820068, 1.908618450164795, 1.9031267166137695, 1.9007782936096191, 1.8993637561798096, 1.9111802577972412, 1.9063959121704102, 1.9170045852661133, 1.910282850265503, 1.9068808555603027, 1.9127047061920166, 1.9019749164581299, 1.9168131351470947, 1.9018363952636719, 1.9052157402038574, 1.9088642597198486, 1.9234120845794678, 1.9122076034545898, 1.9409511089324951, 1.9088764190673828], "clip_scores": [37.5824, 29.5927, 33.0496, 30.8992, 29.6563, 31.7808, 30.9023, 28.9708, 30.7745, 33.1427, 32.1266, 36.1007, 33.0471, 31.0558, 29.0373, 34.5857, 31.7013, 29.9803, 29.9818, 36.2634, 32.2017, 27.3224, 32.7126, 37.0833, 29.1785, 31.1283, 29.1827, 30.3425, 32.3134, 38.7432, 33.971, 34.5027, 34.4773, 30.6143, 30.7776, 31.8248, 31.5896, 33.5342, 25.1253, 34.9098, 35.8144, 31.8721, 30.138, 29.002, 33.5241, 37.0548, 38.8048, 33.4135, 33.2709, 32.3919, 30.0236, 34.4417, 28.3291, 31.9244, 27.8499, 28.2043, 25.9118, 28.3497, 30.8892, 27.4071]}