{"experiment": {"cache": false, "batch_size": 2, "num_inf_steps": 15, "image_size": [256, 256]}, "clip_score": 31.494838333333334, "clip_score variance": 12.136584928030555, "runtime (s/b)": 0.7555246313412984, "runtime variance (s/b)": 0.002144377408629323, "runtimes": [0.8410074710845947, 0.8659181594848633, 0.7565867900848389, 0.8283956050872803, 0.7552406787872314, 0.7566020488739014, 0.7495872974395752, 0.8392984867095947, 0.7319509983062744, 0.7160356044769287, 0.8759005069732666, 0.7393252849578857, 0.7126877307891846, 0.7141776084899902, 0.7656280994415283, 0.7246015071868896, 0.7542102336883545, 0.7408580780029297, 0.7119526863098145, 0.7795495986938477, 0.7147860527038574, 0.7280848026275635, 0.8193328380584717, 0.6979069709777832, 0.7258210182189941, 0.7381572723388672, 0.7230103015899658, 0.7448267936706543, 0.8015496730804443, 0.7208297252655029, 0.7278778553009033, 0.8358743190765381, 0.7605175971984863, 0.8819637298583984, 0.7465939521789551, 0.750248908996582, 0.7509763240814209, 0.7431397438049316, 0.7188842296600342, 0.8184351921081543, 0.7527129650115967, 0.717545747756958, 0.7463650703430176, 0.7183809280395508, 0.7972257137298584, 0.7435958385467529, 0.7299723625183105, 0.7162563800811768, 0.722137451171875, 0.7185776233673096, 0.730064868927002, 0.7668404579162598, 0.7003118991851807, 0.7258603572845459, 0.7158401012420654, 0.7110295295715332, 0.8014793395996094, 0.7137112617492676, 0.7575528621673584, 0.8376853466033936], "clip_scores": [36.8288, 28.0231, 31.5657, 30.6526, 31.4565, 29.8243, 31.136, 27.9477, 31.5569, 33.6615, 31.6531, 35.0795, 31.0048, 32.0153, 29.6838, 36.0573, 30.9792, 33.1991, 27.7775, 38.0573, 34.5516, 29.1327, 33.7945, 37.2113, 29.7714, 31.4898, 30.8579, 31.7, 32.5174, 39.733, 34.7386, 34.4208, 33.6708, 31.3573, 32.6426, 28.9692, 28.0696, 34.7825, 21.8577, 30.8251, 29.0025, 34.417, 29.8037, 30.7111, 33.5565, 38.048, 37.8742, 33.131, 30.0419, 33.4229, 29.0346, 28.1318, 27.7023, 31.4326, 27.2977, 28.5088, 25.4437, 22.6931, 30.6836, 28.4995]}