{"experiment": {"cache": true, "batch_size": 2, "num_inf_steps": 15, "image_size": [256, 256]}, "clip_score": 29.154263333333336, "clip_score variance": 13.24216729898889, "runtime (s/b)": 0.35946993827819823, "runtime variance (s/b)": 0.0005876848379667382, "runtimes": [0.3964519500732422, 0.3457834720611572, 0.3442986011505127, 0.34406232833862305, 0.34099793434143066, 0.3453044891357422, 0.3470883369445801, 0.3456840515136719, 0.34781813621520996, 0.37404823303222656, 0.34865331649780273, 0.3530757427215576, 0.3639223575592041, 0.34593796730041504, 0.37102174758911133, 0.34249043464660645, 0.37189626693725586, 0.34029412269592285, 0.3472278118133545, 0.3822824954986572, 0.34642529487609863, 0.3449416160583496, 0.34920334815979004, 0.4952230453491211, 0.36508822441101074, 0.3721616268157959, 0.3537874221801758, 0.34532952308654785, 0.380603551864624, 0.3410632610321045, 0.34484171867370605, 0.3746616840362549, 0.3493766784667969, 0.38727474212646484, 0.34613990783691406, 0.3464999198913574, 0.413346529006958, 0.3386251926422119, 0.37135958671569824, 0.3815581798553467, 0.35932350158691406, 0.38265514373779297, 0.3731083869934082, 0.34987926483154297, 0.3401968479156494, 0.35783982276916504, 0.3442692756652832, 0.3440523147583008, 0.3450784683227539, 0.3688700199127197, 0.35025501251220703, 0.34775710105895996, 0.3451967239379883, 0.374281644821167, 0.3484206199645996, 0.38934803009033203, 0.34290313720703125, 0.3453347682952881, 0.3659934997558594, 0.3475818634033203], "clip_scores": [26.0589, 24.8314, 27.1692, 24.8403, 25.3991, 28.4292, 28.3083, 29.6025, 25.6053, 32.731, 28.8427, 27.9239, 28.5988, 25.9343, 22.6529, 31.6896, 28.1968, 27.703, 29.9624, 32.0147, 29.7386, 29.1085, 25.8398, 31.6566, 28.3424, 29.4583, 25.3907, 30.4049, 30.5296, 25.2334, 28.1869, 29.72, 29.9632, 25.3838, 26.9135, 29.7811, 31.4185, 31.3499, 26.7151, 30.644, 28.0659, 25.5807, 30.6511, 30.155, 28.203, 28.6756, 32.5992, 26.9367, 30.0683, 25.486, 21.8395, 25.5223, 28.972, 36.9422, 40.0904, 38.7738, 36.965, 35.4327, 29.8624, 36.1609]}