{"experiment": {"cache": true, "batch_size": 8, "num_inf_steps": 25, "image_size": [512, 512]}, "clip_score": 31.883324019607844, "clip_score variance": 5.127362856040705, "runtime (s/b)": 5.508019002044902, "runtime variance (s/b)": 0.014314466372643749, "runtimes": [7.148949861526489, 5.339313268661499, 5.37089729309082, 5.3862011432647705, 5.369555950164795, 5.419260740280151, 5.412488222122192, 5.399888753890991, 5.455365180969238, 5.442802429199219, 5.459996223449707, 5.499830007553101, 5.5246992111206055, 5.535721302032471, 5.505281448364258, 5.508822202682495, 5.5109703540802, 5.519015312194824, 5.504455327987671, 5.481436014175415, 5.470180988311768, 5.462385177612305, 5.493772745132446, 5.505563974380493, 5.529353618621826, 5.547800779342651, 5.526061296463013, 5.480728387832642, 5.5092034339904785, 5.497294902801514, 5.490087032318115, 5.490660190582275, 5.5080413818359375, 5.5179548263549805, 5.527730703353882, 5.527559041976929, 5.489785432815552, 5.535518169403076, 5.529397010803223, 5.52274751663208, 5.533329010009766, 5.519331693649292, 5.505046367645264, 5.510213613510132, 5.525537729263306, 5.527668714523315, 5.530446290969849, 5.526074171066284, 5.516767263412476, 5.520396709442139, 5.5178422927856445, 5.47760796546936, 5.50761866569519, 5.518397569656372, 5.5193469524383545, 5.5119428634643555, 5.515629291534424, 5.509805917739868, 5.509672164916992, 5.5128703117370605, 5.482329368591309, 5.468561172485352, 5.500154972076416, 5.511275053024292, 5.515619516372681, 5.508196592330933, 5.521064043045044, 5.519799470901489, 5.525639533996582, 5.5131676197052, 5.490800857543945, 5.494119167327881, 5.478588581085205, 5.467299461364746, 5.483521938323975, 5.523439168930054, 5.515010356903076, 5.523274898529053, 5.476037263870239, 5.515552282333374, 5.46251368522644, 5.473618984222412, 5.466657400131226, 5.471924543380737, 5.468548059463501, 5.501995801925659, 5.5303497314453125, 5.517569303512573, 5.507327079772949, 5.5335118770599365, 5.5228705406188965, 5.503080368041992, 5.51903772354126, 5.508213758468628, 5.51351261138916, 5.522721767425537, 5.564547061920166, 5.472387790679932, 5.512965679168701, 5.511749029159546, 5.509047269821167, 5.514417886734009, 5.506527662277222, 5.510054588317871, 5.517693996429443, 5.499741554260254, 5.516685724258423, 5.495985746383667, 5.503844738006592, 5.5097784996032715, 5.500119209289551, 5.5130579471588135, 5.510198354721069, 5.514584302902222, 5.509113788604736, 5.508620023727417, 5.474562406539917, 5.473999500274658, 5.473295211791992, 5.4855852127075195, 5.517009973526001, 5.512249708175659, 5.466866970062256, 5.4761643409729, 5.463438987731934, 5.470172882080078, 5.485503673553467, 5.492555856704712, 5.465554714202881, 5.46539568901062, 5.476902961730957, 5.4768548011779785, 5.515478610992432, 5.523414850234985, 5.514062881469727, 5.512887954711914, 5.532700538635254, 5.50251841545105, 5.466113328933716, 5.467020273208618, 5.506472587585449, 5.505905628204346, 5.509014129638672, 5.513634920120239, 5.506437540054321, 5.461905479431152, 5.472394227981567, 5.480206251144409, 5.466397047042847, 5.4747443199157715, 5.490137815475464, 5.469422817230225, 5.528505086898804, 5.54455041885376, 5.488091230392456, 5.498465061187744, 5.505175590515137, 5.505356073379517, 5.4962522983551025, 5.504573822021484, 5.504348278045654, 5.502058982849121, 5.503542900085449, 5.491297245025635, 5.495866298675537, 5.518707036972046, 5.477720260620117, 5.468877077102661, 5.477935075759888, 5.472505331039429, 5.5127036571502686, 5.509487628936768, 5.505486011505127, 5.505199193954468, 5.471095323562622, 5.47480320930481, 5.491447687149048, 5.515357732772827, 5.558459997177124, 5.521883487701416, 5.51561713218689, 5.515340566635132, 5.511444807052612, 5.51834774017334, 5.533205509185791, 5.479456424713135, 5.503744125366211, 5.487616539001465, 5.500765323638916, 5.494635820388794, 5.518204927444458, 5.494768142700195, 5.497764348983765, 5.555535316467285, 5.556520938873291, 5.560763835906982, 5.560537576675415, 5.548013925552368, 5.564870595932007, 5.55404257774353, 5.565321445465088, 5.509009122848511, 5.45861554145813, 5.484651803970337], "clip_scores": [26.0255, 26.2552, 24.1874, 24.9119, 26.7378, 26.6198, 25.4335, 30.8202, 30.5483, 29.9808, 29.8187, 30.8008, 28.8407, 29.5666, 28.807, 31.317, 28.5143, 30.0926, 28.0303, 30.0862, 29.474, 30.3379, 29.1879, 31.7675, 30.1731, 29.7081, 29.6981, 29.0189, 31.0895, 28.4679, 30.1634, 31.5044, 26.1525, 27.8346, 33.6956, 34.4828, 37.2147, 38.1061, 36.0751, 33.2167, 35.4777, 34.1305, 33.0807, 32.2863, 32.0532, 33.6257, 32.7893, 32.1483, 36.1364, 32.8791, 32.2293, 32.9799, 33.7303, 35.3776, 34.2692, 32.9846, 34.9888, 32.2846, 32.2406, 30.2657, 30.3027, 32.6088, 29.5665, 30.2556, 31.2058, 32.6217, 33.6466, 32.6768, 29.8855, 32.7998, 31.7961, 32.1895, 32.1406, 31.0936, 33.5482, 32.0824, 35.0508, 30.7862, 34.1679, 31.7994, 34.3489, 30.6634, 32.3292, 31.8425, 32.2562, 32.2162, 32.4367, 32.7517, 34.882, 34.6477, 33.3136, 33.7344, 34.8574, 36.166, 30.0654, 29.9792, 34.0064, 31.1405, 29.5285, 32.0173, 32.2979, 32.2987, 32.8484, 32.6012, 30.7163, 29.2356, 32.3627, 30.4683, 31.9134, 29.662, 29.8922, 30.8609, 29.9575, 31.4265, 33.3698, 35.1184, 31.3736, 32.5022, 31.6223, 31.9003, 30.161, 30.6215, 30.6405, 32.2191, 31.8566, 32.9134, 31.3202, 31.8043, 33.4478, 31.3556, 31.2332, 30.214, 30.3669, 31.0652, 31.027, 31.608, 31.41, 31.3361, 31.4557, 32.0069, 31.1177, 30.9004, 31.8789, 31.9082, 29.5041, 29.9369, 31.6094, 31.7744, 32.9312, 31.7872, 30.4724, 32.2033, 31.0786, 30.7121, 32.0681, 31.2019, 32.45, 33.5162, 30.5029, 31.1828, 32.1767, 34.5067, 31.9525, 30.7093, 31.0175, 30.8783, 29.9682, 34.9624, 36.4408, 31.845, 31.8697, 34.9492, 32.7252, 30.3416, 33.5494, 35.9836, 33.296, 33.5609, 37.3782, 33.2501, 33.8534, 33.2945, 34.2698, 34.1579, 35.746, 33.2286, 31.8943, 33.2424, 36.2295, 35.3916, 34.0071, 33.8479, 33.8707, 36.5972, 31.2397, 30.5613, 32.4365, 33.5684, 32.8776, 32.1292, 33.8238, 32.5095, 28.7112, 31.9919]}