{"experiment": {"cache": false, "batch_size": 2, "num_inf_steps": 25, "image_size": [512, 512]}, "clip_score": 31.728395, "clip_score variance": 8.980816783474998, "runtime (s/b)": 3.03508159716924, "runtime variance (s/b)": 0.00014339495359667217, "runtimes": [3.076894998550415, 3.018994092941284, 3.0139212608337402, 3.03519344329834, 3.0186123847961426, 3.024848222732544, 3.0386736392974854, 3.0362155437469482, 3.0398361682891846, 3.050999402999878, 3.0425589084625244, 3.0752475261688232, 3.048210382461548, 3.042903423309326, 3.051870346069336, 3.0390725135803223, 3.0340330600738525, 3.0493521690368652, 3.0309784412384033, 3.028902530670166, 3.0258631706237793, 3.030047655105591, 3.0329463481903076, 3.0504229068756104, 3.0396361351013184, 3.0292558670043945, 3.024369955062866, 3.034864664077759, 3.025438070297241, 3.0375754833221436, 3.0269815921783447, 3.0330047607421875, 3.0219032764434814, 3.0548861026763916, 3.0244545936584473, 3.029311180114746, 3.0331199169158936, 3.026808261871338, 3.0276381969451904, 3.0288448333740234, 3.029951572418213, 3.025433301925659, 3.02604079246521, 3.0253190994262695, 3.04164457321167, 3.040132999420166, 3.031337022781372, 3.037346124649048, 3.0316810607910156, 3.026759386062622, 3.0482914447784424, 3.0280561447143555, 3.0259041786193848, 3.0495567321777344, 3.049085855484009, 3.0266666412353516, 3.0247020721435547, 3.027540683746338, 3.0335004329681396, 3.0412542819976807], "clip_scores": [36.0221, 29.0589, 33.3067, 28.9593, 29.3872, 36.1286, 32.3772, 28.3047, 33.135, 34.8944, 32.7445, 35.5359, 32.2417, 30.7795, 30.2739, 35.0419, 31.1876, 29.5144, 29.8875, 35.0588, 30.1667, 29.008, 32.7993, 37.3591, 30.5934, 29.3721, 30.519, 31.063, 31.1787, 38.4497, 34.8349, 32.8156, 33.7972, 31.6475, 30.3919, 32.2645, 29.0213, 31.2685, 24.3711, 30.7186, 34.1521, 31.9837, 30.4779, 29.7602, 32.8592, 39.2035, 37.3163, 32.4124, 32.6436, 34.7036, 33.614, 30.8563, 30.2933, 32.1242, 27.0827, 27.9119, 26.844, 26.8153, 30.5245, 26.6451]}