{"experiment": {"batch_size": 8, "num_inf_steps": 25, "image_size": [512, 512]}, "clip_score": 30.01246, "runtime (s)": 11.95705304145813}