{"experiment": {"batch_size": 8, "num_inf_steps": 15, "image_size": [320, 320]}, "clip_score": 28.027786666666668, "runtime (s)": 2.834518623352051}