{"experiment": {"cache": false, "batch_size": 2, "num_inf_steps": 15, "image_size": [512, 512]}, "clip_score": 32.10448833333333, "clip_score variance": 10.92472676336389, "runtime (s/b)": 1.9166429003079732, "runtime variance (s/b)": 0.00014877989278543977, "runtimes": [1.971362590789795, 1.9133307933807373, 1.9258620738983154, 1.9057400226593018, 1.9053819179534912, 1.9061932563781738, 1.9016282558441162, 1.9075374603271484, 1.9086883068084717, 1.9105737209320068, 1.9350745677947998, 1.9230751991271973, 1.9100723266601562, 1.9107816219329834, 1.937997817993164, 1.9421629905700684, 1.9115314483642578, 1.915849208831787, 1.9258291721343994, 1.935469150543213, 1.9150941371917725, 1.9110312461853027, 1.9078009128570557, 1.9178316593170166, 1.9074831008911133, 1.9061033725738525, 1.9183018207550049, 1.911942958831787, 1.9141368865966797, 1.9111483097076416, 1.9341583251953125, 1.930145025253296, 1.9119269847869873, 1.9204657077789307, 1.9095251560211182, 1.9127614498138428, 1.9096558094024658, 1.9101765155792236, 1.9178061485290527, 1.9201693534851074, 1.915161371231079, 1.9116566181182861, 1.9109623432159424, 1.9129376411437988, 1.9078786373138428, 1.9040718078613281, 1.9124934673309326, 1.9105205535888672, 1.9087729454040527, 1.9098289012908936, 1.9106903076171875, 1.9145712852478027, 1.9102270603179932, 1.930241584777832, 1.9350030422210693, 1.928417444229126, 1.902681589126587, 1.9175257682800293, 1.905449628829956, 1.9376752376556396], "clip_scores": [36.3894, 27.7146, 33.3483, 30.0584, 30.2521, 33.4768, 32.5909, 26.7997, 38.8213, 34.7104, 31.0593, 36.3376, 32.687, 33.1122, 30.049, 33.7333, 32.5454, 31.4518, 30.8322, 34.0359, 32.7196, 29.5442, 35.0667, 36.1136, 29.2781, 30.684, 30.4795, 31.0514, 33.1954, 38.5548, 33.1374, 32.2668, 32.9509, 28.7285, 29.8307, 32.5237, 28.4752, 34.2574, 25.3679, 35.3134, 38.2884, 31.3823, 30.4492, 31.2395, 35.2098, 38.0002, 38.601, 38.0388, 32.7871, 31.8832, 30.3689, 33.0327, 29.6862, 31.0612, 26.832, 26.2296, 29.4858, 26.8768, 31.5491, 25.7227]}