{"experiment": {"cache": true, "batch_size": 8, "num_inf_steps": 15, "image_size": [512, 512]}, "clip_score": 31.537063725490196, "clip_score variance": 5.090509734076318, "runtime (s/b)": 3.509689066924301, "runtime variance (s/b)": 0.0038454154221426585, "runtimes": [4.312530279159546, 3.4828829765319824, 3.4216272830963135, 3.4102635383605957, 3.4259116649627686, 3.420447826385498, 3.4300596714019775, 3.4605329036712646, 3.439772605895996, 3.441852331161499, 3.4593961238861084, 3.4410595893859863, 3.4545750617980957, 3.462820291519165, 3.473012685775757, 3.4737131595611572, 3.4626593589782715, 3.486302614212036, 3.48592472076416, 3.479984760284424, 3.4867076873779297, 3.4946224689483643, 3.4930992126464844, 3.4924216270446777, 3.529954433441162, 3.5067076683044434, 3.5354652404785156, 3.5233042240142822, 3.522869825363159, 3.5254313945770264, 3.5099551677703857, 3.496703624725342, 3.495769500732422, 3.509845733642578, 3.5034937858581543, 3.523287057876587, 3.531792163848877, 3.558026075363159, 3.5285685062408447, 3.547466278076172, 3.5170962810516357, 3.493584394454956, 3.52558970451355, 3.5101442337036133, 3.516023874282837, 3.6037161350250244, 3.487915515899658, 3.5090856552124023, 3.5269980430603027, 3.537903070449829, 3.525740146636963, 3.5148115158081055, 3.512333393096924, 3.5057337284088135, 3.5185179710388184, 3.5172996520996094, 3.505046844482422, 3.5141804218292236, 3.5126733779907227, 3.5015780925750732, 3.515510320663452, 3.505584239959717, 3.496163845062256, 3.49743914604187, 3.494821071624756, 3.4903271198272705, 3.5024325847625732, 3.5396251678466797, 3.502686023712158, 3.5321409702301025, 3.520343780517578, 3.489706039428711, 3.4813783168792725, 3.4835219383239746, 3.480736255645752, 3.4918394088745117, 3.4911422729492188, 3.478876829147339, 3.490119695663452, 3.5068042278289795, 3.512531280517578, 3.5275118350982666, 3.521131753921509, 3.5301973819732666, 3.499621868133545, 3.4941482543945312, 3.4820408821105957, 3.495384931564331, 3.4941234588623047, 3.4949252605438232, 3.500222682952881, 3.5187149047851562, 3.4875471591949463, 3.513124465942383, 3.489192485809326, 3.51309871673584, 3.5091798305511475, 3.5190365314483643, 3.495190143585205, 3.5106112957000732, 3.5039265155792236, 3.4796745777130127, 3.4804494380950928, 3.497624397277832, 3.5191102027893066, 3.517540216445923, 3.5162885189056396, 3.5088136196136475, 3.518824577331543, 3.5079617500305176, 3.5089855194091797, 3.5120973587036133, 3.504533290863037, 3.4943902492523193, 3.4836525917053223, 3.489046335220337, 3.488377094268799, 3.5139217376708984, 3.506460189819336, 3.515681505203247, 3.519191265106201, 3.5090320110321045, 3.4833896160125732, 3.514167547225952, 3.5244264602661133, 3.523090124130249, 3.5469701290130615, 3.532010793685913, 3.514119863510132, 3.484758138656616, 3.4864392280578613, 3.519962787628174, 3.529087543487549, 3.5325934886932373, 3.502959728240967, 3.6002249717712402, 3.5353784561157227, 3.527677297592163, 3.529489517211914, 3.5183804035186768, 3.5065290927886963, 3.498523712158203, 3.5091195106506348, 3.4935851097106934, 3.501011371612549, 3.498922824859619, 3.4927468299865723, 3.5168724060058594, 3.5129311084747314, 3.5091421604156494, 3.5084264278411865, 3.511129140853882, 3.5059943199157715, 3.5814757347106934, 3.516118288040161, 3.5219717025756836, 3.4984958171844482, 3.5105223655700684, 3.525930166244507, 3.5286448001861572, 3.514934778213501, 3.513796329498291, 3.514069080352783, 3.5090017318725586, 3.487091541290283, 3.4922873973846436, 3.4947938919067383, 3.51570725440979, 3.516839027404785, 3.519242763519287, 3.528738021850586, 3.5076754093170166, 3.499830722808838, 3.5098063945770264, 3.502128839492798, 3.5046749114990234, 3.4873716831207275, 3.512267589569092, 3.512629985809326, 3.4968061447143555, 3.4884676933288574, 3.476738214492798, 3.4978437423706055, 3.537760019302368, 3.5461790561676025, 3.5657999515533447, 3.512471914291382, 3.5117685794830322, 3.5106351375579834, 3.5037364959716797, 3.5113344192504883, 3.5284440517425537, 3.525397539138794, 3.5117058753967285, 3.532287120819092, 3.5353546142578125, 3.5103774070739746, 3.518781900405884, 3.511845350265503, 3.521784543991089, 3.5136070251464844, 3.5172412395477295, 3.50289249420166, 3.5000922679901123], "clip_scores": [25.7974, 24.7035, 25.113, 23.7053, 25.0884, 28.0413, 25.4111, 30.1402, 29.5638, 29.8769, 29.6112, 30.5361, 28.5837, 28.1227, 28.6769, 29.8018, 28.3768, 31.3917, 29.0474, 29.1849, 29.2303, 29.8134, 29.2277, 32.1605, 29.987, 30.051, 29.4652, 28.5777, 30.9582, 28.5684, 30.2913, 30.9495, 25.8761, 27.4503, 32.2141, 33.0, 36.7976, 37.2712, 36.4385, 31.6783, 34.2109, 33.0526, 32.1512, 31.792, 31.9522, 33.2056, 30.6601, 31.4633, 33.1245, 33.4339, 31.7864, 33.1704, 33.8072, 34.8952, 33.1635, 32.1884, 34.4323, 31.3277, 32.5619, 31.7439, 29.737, 32.6211, 30.4534, 29.6611, 31.2981, 32.4923, 34.1916, 33.0721, 29.191, 32.605, 32.2503, 31.2016, 32.5878, 31.7378, 33.4815, 32.4871, 34.8799, 30.7973, 34.1565, 31.8766, 34.9934, 29.1787, 31.5368, 30.7093, 31.1935, 29.98, 31.8488, 32.0609, 34.3324, 34.6152, 32.2465, 32.0845, 33.0314, 35.6068, 29.7285, 29.2458, 31.3912, 31.0097, 29.3268, 32.2646, 31.6506, 29.7645, 33.3875, 32.8194, 31.1881, 30.0299, 32.4424, 29.3632, 30.9762, 29.3633, 29.8739, 30.7841, 29.1479, 32.1297, 30.7345, 35.4197, 30.6924, 31.3359, 32.368, 31.9594, 29.9591, 30.5244, 31.9538, 30.9717, 31.7471, 31.7724, 32.3352, 32.9747, 31.7923, 31.5473, 31.3859, 31.1004, 30.023, 29.8523, 31.356, 32.3477, 32.0115, 30.4251, 31.9469, 31.7502, 31.067, 30.77, 32.218, 31.5051, 30.5627, 30.0573, 31.7861, 31.6643, 31.5301, 31.6684, 30.5666, 32.1444, 30.8037, 29.7064, 32.1019, 30.9799, 32.6397, 33.4587, 30.4826, 30.726, 30.5663, 33.5595, 30.8087, 30.2735, 31.372, 30.3189, 30.3026, 34.8787, 35.9825, 32.1872, 31.8787, 35.9158, 33.22, 30.76, 32.9469, 35.6294, 32.999, 33.5766, 37.2057, 33.381, 34.1362, 33.9742, 32.925, 32.859, 35.511, 31.0106, 32.3257, 32.934, 36.3659, 34.3255, 34.5397, 31.7743, 34.2766, 36.69, 29.1953, 30.6746, 32.3227, 31.1694, 31.4388, 30.4539, 33.3758, 30.7778, 27.6173, 33.4107]}