{"experiment": {"cache": true, "batch_size": 8, "num_inf_steps": 25, "image_size": [256, 256]}, "clip_score": 31.403680392156865, "clip_score variance": 4.758898271478278, "runtime (s/b)": 1.4605008971457387, "runtime variance (s/b)": 5.71871920453256, "runtimes": [35.531115770339966, 1.2467920780181885, 1.251979112625122, 1.259294033050537, 1.2504937648773193, 1.2601327896118164, 1.2527258396148682, 1.2560806274414062, 1.2549753189086914, 1.2630393505096436, 1.2591865062713623, 1.2573397159576416, 1.2871778011322021, 1.2599549293518066, 1.2594966888427734, 1.2549936771392822, 1.263730525970459, 1.2561771869659424, 1.2594170570373535, 1.262796401977539, 1.2659003734588623, 1.260369062423706, 1.2636919021606445, 1.2559943199157715, 1.2603754997253418, 1.263854742050171, 1.2837731838226318, 1.2666435241699219, 1.263216257095337, 1.2645764350891113, 1.2608628273010254, 1.2596371173858643, 1.2630856037139893, 1.26875901222229, 1.2771155834197998, 1.2775473594665527, 1.2811274528503418, 1.2718188762664795, 1.2720236778259277, 1.2730011940002441, 1.266838788986206, 1.2706165313720703, 1.273573637008667, 1.2779264450073242, 1.2725348472595215, 1.2700026035308838, 1.2770957946777344, 1.272106647491455, 1.2676866054534912, 1.2706761360168457, 1.2755968570709229, 1.2795689105987549, 1.268333911895752, 1.2752742767333984, 1.2732036113739014, 1.26971435546875, 1.2809858322143555, 1.2741825580596924, 1.2692320346832275, 1.270646572113037, 1.2709901332855225, 1.27254319190979, 1.2768917083740234, 1.2733125686645508, 1.273252248764038, 1.2763419151306152, 1.2816283702850342, 1.2797877788543701, 1.2800705432891846, 1.2722105979919434, 1.2778618335723877, 1.278527021408081, 1.280994176864624, 1.2890794277191162, 1.281545639038086, 1.297116756439209, 1.281874418258667, 1.2941219806671143, 1.2865662574768066, 1.2872893810272217, 1.2883214950561523, 1.2876405715942383, 1.2886409759521484, 1.282874345779419, 1.2887306213378906, 1.289229154586792, 1.2913227081298828, 1.2959463596343994, 1.2926383018493652, 1.2902820110321045, 1.2932484149932861, 1.2907650470733643, 1.2967281341552734, 1.2965757846832275, 1.3020403385162354, 1.2940993309020996, 1.2976961135864258, 1.3013222217559814, 1.2946064472198486, 1.3057641983032227, 1.29850435256958, 1.307021141052246, 1.3083229064941406, 1.3015599250793457, 1.3088197708129883, 1.303976058959961, 1.3069231510162354, 1.306124210357666, 1.3130755424499512, 1.3019752502441406, 1.3021321296691895, 1.3061623573303223, 1.3138759136199951, 1.3069252967834473, 1.3156325817108154, 1.3177554607391357, 1.3153836727142334, 1.312392234802246, 1.3098177909851074, 1.3105292320251465, 1.3620147705078125, 1.3157987594604492, 1.3171477317810059, 1.3133184909820557, 1.3135154247283936, 1.3130269050598145, 1.315744161605835, 1.3175380229949951, 1.3163204193115234, 1.3140063285827637, 1.3041801452636719, 1.3078513145446777, 1.3037190437316895, 1.3062825202941895, 1.3161606788635254, 1.2974998950958252, 1.2936484813690186, 1.2968132495880127, 1.2965490818023682, 1.2898201942443848, 1.2879393100738525, 1.2910921573638916, 1.2924458980560303, 1.2904863357543945, 1.287980318069458, 1.28916335105896, 1.2902133464813232, 1.296440839767456, 1.2947287559509277, 1.297868251800537, 1.2922680377960205, 1.298032283782959, 1.298410415649414, 1.2962541580200195, 1.2973649501800537, 1.300494909286499, 1.3010852336883545, 1.3007149696350098, 1.2970175743103027, 1.3005645275115967, 1.3123610019683838, 1.3078813552856445, 1.3082187175750732, 1.3114407062530518, 1.3022334575653076, 1.3040924072265625, 1.310819387435913, 1.3212890625, 1.3080220222473145, 1.305882215499878, 1.3072679042816162, 1.3205139636993408, 1.3137726783752441, 1.3157734870910645, 1.3213770389556885, 1.3176445960998535, 1.33963942527771, 1.3088221549987793, 1.3183536529541016, 1.310025930404663, 1.3104681968688965, 1.3124613761901855, 1.3146533966064453, 1.317591905593872, 1.3125205039978027, 1.307340145111084, 1.3173625469207764, 1.3175914287567139, 1.3243114948272705, 1.3198864459991455, 1.3237626552581787, 1.3193626403808594, 1.3261940479278564, 1.3173635005950928, 1.315439224243164, 1.325416088104248, 1.3205463886260986, 1.3173491954803467, 1.3246235847473145, 1.3181490898132324, 1.3211772441864014, 1.317230463027954, 1.3257291316986084, 1.3352422714233398], "clip_scores": [24.552, 26.672, 24.236, 24.7528, 26.2217, 27.1775, 26.2503, 30.5776, 30.0815, 30.0064, 29.7392, 30.989, 29.3544, 26.573, 28.6723, 30.2271, 27.8584, 29.7275, 30.1788, 30.2318, 28.6169, 28.7084, 28.6298, 30.7318, 30.6679, 29.1235, 27.9218, 28.1387, 31.1649, 29.756, 30.7178, 30.4537, 26.6724, 27.1158, 30.253, 33.1707, 37.0622, 35.2249, 34.5602, 31.074, 34.0174, 34.9247, 32.1193, 33.3567, 31.2765, 33.4241, 32.3703, 30.7958, 36.0161, 32.0883, 35.4214, 31.5483, 32.3428, 33.8577, 31.4349, 28.7287, 33.0835, 31.0982, 30.759, 29.9567, 29.9731, 32.0171, 30.7212, 29.6919, 33.3012, 31.7471, 32.9807, 31.6536, 31.5401, 32.6625, 32.2064, 31.4431, 33.513, 32.1257, 34.0407, 32.0393, 34.0901, 30.8139, 33.2419, 33.4976, 33.3005, 29.2395, 31.0144, 32.7841, 32.1581, 30.4105, 32.3157, 33.4461, 34.9196, 35.5516, 32.7606, 30.6496, 32.9681, 34.0596, 28.9258, 29.5375, 32.5799, 29.1164, 30.3471, 32.5461, 31.104, 31.9995, 29.8158, 33.8032, 31.6145, 29.5658, 31.9687, 28.7152, 31.9774, 28.761, 29.5065, 30.8057, 28.6564, 32.3823, 33.833, 34.838, 31.0036, 32.6109, 31.0057, 30.3494, 29.6771, 29.0881, 30.6699, 31.4223, 30.8521, 34.7806, 30.3793, 30.5589, 31.1617, 31.1266, 32.576, 32.2472, 31.5193, 31.7389, 32.2613, 31.6254, 29.7455, 31.0787, 31.5958, 30.2845, 31.4736, 32.5633, 31.1566, 32.886, 30.5895, 30.1865, 31.0953, 31.7658, 31.5674, 31.4573, 30.6777, 32.0571, 30.7065, 31.1104, 32.4729, 31.5382, 34.0672, 32.7708, 29.8597, 31.6484, 29.9852, 32.3677, 31.9628, 30.8719, 30.1235, 31.4423, 29.7512, 33.1625, 34.8848, 33.6256, 31.2202, 34.9276, 33.3106, 31.8373, 33.9798, 34.4363, 33.4079, 33.3891, 36.668, 34.2071, 35.231, 32.8477, 33.8067, 31.1632, 34.2097, 32.7838, 33.2586, 33.1396, 32.6884, 31.2717, 31.8639, 30.686, 32.6745, 34.3414, 31.0878, 31.2592, 33.6494, 32.1055, 31.9848, 29.1428, 31.6346, 28.0321, 26.826, 30.3499]}