{"experiment": {"batch_size": 2, "num_inf_steps": 15, "image_size": [512, 512]}, "clip_score": 29.84156333333333, "runtime (s)": 1.9441312630971272}