{"experiment": {"cache": true, "batch_size": 8, "num_inf_steps": 25, "image_size": [256, 256]}, "clip_score": 29.77735333333333, "clip_score variance": 8.304831413155558, "runtime (s/b)": 2.267192776997884, "runtime variance (s/b)": 12.831193152249856, "runtimes": [15.670003414154053, 1.2970025539398193, 1.297757863998413, 1.299882173538208, 1.3018348217010498, 1.304666519165039, 1.307293176651001, 1.3078856468200684, 1.3066284656524658, 1.3110339641571045, 1.3117284774780273, 1.3143351078033447, 1.3161509037017822, 1.3312366008758545, 1.3304519653320312], "clip_scores": [24.5983, 27.128, 30.7021, 30.4925, 29.4968, 30.1471, 28.4811, 29.7807, 28.7535, 29.8223, 29.6314, 29.6189, 26.6259, 37.4938, 33.8879]}