{"experiment": {"cache": true, "batch_size": 2, "num_inf_steps": 25, "image_size": [256, 256]}, "clip_score": 29.425124999999998, "clip_score variance": 12.441720895208334, "runtime (s/b)": 0.559078057607015, "runtime variance (s/b)": 0.0015086413839501096, "runtimes": [0.8035485744476318, 0.559971809387207, 0.5373284816741943, 0.540971040725708, 0.5649232864379883, 0.5403766632080078, 0.5449161529541016, 0.5308163166046143, 0.529766321182251, 0.5422980785369873, 0.6076335906982422, 0.5474772453308105, 0.6177549362182617, 0.572044849395752, 0.5742568969726562, 0.543475866317749, 0.5751423835754395, 0.5415561199188232, 0.5434010028839111, 0.5579044818878174, 0.5451700687408447, 0.550940752029419, 0.5932645797729492, 0.5428729057312012, 0.5452601909637451, 0.5628550052642822, 0.5323517322540283, 0.5483570098876953, 0.6030459403991699, 0.6314263343811035, 0.5414750576019287, 0.5406739711761475, 0.5918738842010498, 0.5640652179718018, 0.5268397331237793, 0.5402216911315918, 0.5337111949920654, 0.5754101276397705, 0.541529655456543, 0.5415470600128174, 0.5795557498931885, 0.5447292327880859, 0.5472142696380615, 0.5833334922790527, 0.5435492992401123, 0.540546178817749, 0.5427670478820801, 0.5384230613708496, 0.5571317672729492, 0.5683486461639404, 0.5668210983276367, 0.5399549007415771, 0.5433812141418457, 0.5714752674102783, 0.5403244495391846, 0.538963794708252, 0.5490450859069824, 0.5385057926177979, 0.5414178371429443, 0.5407390594482422], "clip_scores": [24.9526, 24.9204, 26.6149, 26.5417, 27.399, 27.0272, 24.8573, 28.2904, 27.4692, 27.6356, 30.6652, 29.6183, 29.9133, 29.291, 28.0867, 31.2527, 28.8553, 29.1745, 30.4421, 28.7874, 29.5293, 29.746, 29.7889, 26.4643, 27.3585, 29.1942, 24.4149, 29.9097, 30.1882, 30.5641, 27.9841, 30.0521, 29.6671, 28.2902, 27.3544, 29.7655, 30.4234, 30.9794, 30.6062, 31.202, 27.4009, 29.595, 29.5946, 27.0657, 29.7643, 27.9938, 27.9348, 29.2438, 29.831, 22.8746, 24.3047, 25.6981, 28.8062, 38.7404, 39.0269, 41.304, 35.8031, 37.9434, 30.5973, 36.7076]}