{"experiment": {"batch_size": 8, "num_inf_steps": 25, "image_size": [320, 320]}, "clip_score": 28.52198666666667, "runtime (s)": 4.423888937632243}