{"experiment": {"cache": true, "batch_size": 8, "num_inf_steps": 25, "image_size": [512, 512]}, "clip_score": 31.883324019607844, "clip_score variance": 5.127362856040705, "runtime (s/b)": 5.7494800616713135, "runtime variance (s/b)": 0.00621378661464533, "runtimes": [6.642806768417358, 5.414009094238281, 5.443474769592285, 5.482553720474243, 5.524977922439575, 5.548047065734863, 5.592654466629028, 5.643381118774414, 5.684048891067505, 5.726973056793213, 5.789366960525513, 5.818267583847046, 5.843731641769409, 5.819139719009399, 5.796543121337891, 5.755523204803467, 5.736027002334595, 5.710845470428467, 5.730113983154297, 5.7142133712768555, 5.745760202407837, 5.771492958068848, 5.801378011703491, 5.772229433059692, 5.768653631210327, 5.774395704269409, 5.752751111984253, 5.736508369445801, 5.729559898376465, 5.7316343784332275, 5.734200954437256, 5.734560251235962, 5.736285209655762, 5.766958713531494, 5.804816007614136, 5.768881797790527, 5.784673690795898, 5.766277074813843, 5.742108345031738, 5.7394020557403564, 5.7420570850372314, 5.7576000690460205, 5.74333643913269, 5.745681285858154, 5.7623584270477295, 5.7475056648254395, 5.756636381149292, 5.779981851577759, 5.758755922317505, 5.766948699951172, 5.7654664516448975, 5.762807846069336, 5.762510299682617, 5.757967472076416, 5.756348371505737, 5.749207973480225, 5.75771164894104, 5.7444891929626465, 5.729675769805908, 5.750154495239258, 5.747887134552002, 5.743502140045166, 5.740072011947632, 5.746908187866211, 5.759012699127197, 5.768508195877075, 5.748752593994141, 5.7641072273254395, 5.745627403259277, 5.735696077346802, 5.739071846008301, 5.728491544723511, 5.752765893936157, 5.741450071334839, 5.753286123275757, 5.7551422119140625, 5.755904912948608, 5.741934537887573, 5.740482330322266, 5.760196685791016, 5.750040054321289, 5.752996921539307, 5.748584985733032, 5.750110387802124, 5.756221771240234, 5.7464330196380615, 5.777031183242798, 5.764501333236694, 5.748567819595337, 5.757685422897339, 5.743616819381714, 5.736568212509155, 5.733576774597168, 5.76337742805481, 5.751224756240845, 5.775730133056641, 5.767883777618408, 5.764679908752441, 5.753715991973877, 5.761194705963135, 5.7575390338897705, 5.74605655670166, 5.749095916748047, 5.7458741664886475, 5.732152938842773, 5.7475745677948, 5.738570690155029, 5.744875907897949, 5.768345832824707, 5.773083448410034, 5.769657373428345, 5.7812793254852295, 5.74307918548584, 5.739630699157715, 5.766265630722046, 5.7466394901275635, 5.767726182937622, 5.764314889907837, 5.757641553878784, 5.751669645309448, 5.754205703735352, 5.7311272621154785, 5.74178671836853, 5.736889362335205, 5.733150959014893, 5.747179746627808, 5.74863076210022, 5.749142408370972, 5.7501184940338135, 5.73797869682312, 5.73603630065918, 5.732944965362549, 5.7572877407073975, 5.7713942527771, 5.755060911178589, 5.75558066368103, 5.736048698425293, 5.768249273300171, 5.750335216522217, 5.753045320510864, 5.749558925628662, 5.738107919692993, 5.753242254257202, 5.769108772277832, 5.746680974960327, 5.745393753051758, 5.787654161453247, 5.751769304275513, 5.754253625869751, 5.734363317489624, 5.73101806640625, 5.754606485366821, 5.735915422439575, 5.735289096832275, 5.764013767242432, 5.767450332641602, 5.754567384719849, 5.7451393604278564, 5.747159004211426, 5.7553300857543945, 5.753843307495117, 5.754307270050049, 5.745006561279297, 5.747058629989624, 5.759164810180664, 5.764951467514038, 5.758419752120972, 5.739381551742554, 5.74178147315979, 5.733503341674805, 5.739776849746704, 5.746649742126465, 5.7713353633880615, 5.753498315811157, 5.752469539642334, 5.74210524559021, 5.771520376205444, 5.758412837982178, 5.755133390426636, 5.744760990142822, 5.757144927978516, 5.733195066452026, 5.7504496574401855, 5.752041816711426, 5.744552373886108, 5.753547191619873, 5.7497382164001465, 5.755127429962158, 5.751517295837402, 5.7462005615234375, 5.743954181671143, 5.761767625808716, 5.741587162017822, 5.74873161315918, 5.739843368530273, 5.76549220085144, 5.768357992172241, 5.783812761306763, 5.7427873611450195, 5.756851673126221, 5.743432521820068, 5.7457849979400635, 5.75735878944397, 5.760717153549194], "clip_scores": [26.0255, 26.2552, 24.1874, 24.9119, 26.7378, 26.6198, 25.4335, 30.8202, 30.5483, 29.9808, 29.8187, 30.8008, 28.8407, 29.5666, 28.807, 31.317, 28.5143, 30.0926, 28.0303, 30.0862, 29.474, 30.3379, 29.1879, 31.7675, 30.1731, 29.7081, 29.6981, 29.0189, 31.0895, 28.4679, 30.1634, 31.5044, 26.1525, 27.8346, 33.6956, 34.4828, 37.2147, 38.1061, 36.0751, 33.2167, 35.4777, 34.1305, 33.0807, 32.2863, 32.0532, 33.6257, 32.7893, 32.1483, 36.1364, 32.8791, 32.2293, 32.9799, 33.7303, 35.3776, 34.2692, 32.9846, 34.9888, 32.2846, 32.2406, 30.2657, 30.3027, 32.6088, 29.5665, 30.2556, 31.2058, 32.6217, 33.6466, 32.6768, 29.8855, 32.7998, 31.7961, 32.1895, 32.1406, 31.0936, 33.5482, 32.0824, 35.0508, 30.7862, 34.1679, 31.7994, 34.3489, 30.6634, 32.3292, 31.8425, 32.2562, 32.2162, 32.4367, 32.7517, 34.882, 34.6477, 33.3136, 33.7344, 34.8574, 36.166, 30.0654, 29.9792, 34.0064, 31.1405, 29.5285, 32.0173, 32.2979, 32.2987, 32.8484, 32.6012, 30.7163, 29.2356, 32.3627, 30.4683, 31.9134, 29.662, 29.8922, 30.8609, 29.9575, 31.4265, 33.3698, 35.1184, 31.3736, 32.5022, 31.6223, 31.9003, 30.161, 30.6215, 30.6405, 32.2191, 31.8566, 32.9134, 31.3202, 31.8043, 33.4478, 31.3556, 31.2332, 30.214, 30.3669, 31.0652, 31.027, 31.608, 31.41, 31.3361, 31.4557, 32.0069, 31.1177, 30.9004, 31.8789, 31.9082, 29.5041, 29.9369, 31.6094, 31.7744, 32.9312, 31.7872, 30.4724, 32.2033, 31.0786, 30.7121, 32.0681, 31.2019, 32.45, 33.5162, 30.5029, 31.1828, 32.1767, 34.5067, 31.9525, 30.7093, 31.0175, 30.8783, 29.9682, 34.9624, 36.4408, 31.845, 31.8697, 34.9492, 32.7252, 30.3416, 33.5494, 35.9836, 33.296, 33.5609, 37.3782, 33.2501, 33.8534, 33.2945, 34.2698, 34.1579, 35.746, 33.2286, 31.8943, 33.2424, 36.2295, 35.3916, 34.0071, 33.8479, 33.8707, 36.5972, 31.2397, 30.5613, 32.4365, 33.5684, 32.8776, 32.1292, 33.8238, 32.5095, 28.7112, 31.9919]}