{"experiment": {"batch_size": 2, "num_inf_steps": 25, "image_size": [512, 512]}, "clip_score": 30.295491666666656, "runtime (s)": 3.0462281028429667}