{"experiment": {"cache": false, "batch_size": 8, "num_inf_steps": 15, "image_size": [512, 512]}, "clip_score": 31.60919333333333, "clip_score variance": 3.750430761955556, "runtime (s/b)": 7.432593329747518, "runtime variance (s/b)": 0.0015666432786964732, "runtimes": [7.570089101791382, 7.434059143066406, 7.444574356079102, 7.404544353485107, 7.406553745269775, 7.412288427352905, 7.417000770568848, 7.440786600112915, 7.408645153045654, 7.425640821456909, 7.401654958724976, 7.418544292449951, 7.424370288848877, 7.427713394165039, 7.452434539794922], "clip_scores": [30.6626, 32.0679, 33.4293, 32.1757, 29.1677, 32.7554, 30.3945, 34.3693, 31.0647, 30.5112, 31.583, 35.2153, 33.2111, 29.7391, 27.7911]}