{"experiment": {"cache": false, "batch_size": 8, "num_inf_steps": 25, "image_size": [512, 512]}, "clip_score": 31.682306666666666, "clip_score variance": 4.416113367288887, "runtime (s/b)": 11.791938893000285, "runtime variance (s/b)": 0.12615504131905003, "runtimes": [12.994076251983643, 11.334757566452026, 11.420572519302368, 11.55070686340332, 11.718332767486572, 11.854089975357056, 11.859873294830322, 11.74970030784607, 11.760599851608276, 11.692296266555786, 11.692100286483765, 11.784595012664795, 11.853118658065796, 11.832170486450195, 11.782093286514282], "clip_scores": [30.807, 30.8678, 34.937, 31.8361, 30.9407, 33.1051, 30.1159, 35.0667, 30.3854, 31.9815, 32.2522, 34.3388, 32.6582, 28.1467, 27.7955]}