{"experiment": {"cache": true, "batch_size": 8, "num_inf_steps": 15, "image_size": [256, 256]}, "clip_score": 29.492633333333327, "clip_score variance": 8.39624531288889, "runtime (s/b)": 0.8627433141072591, "runtime variance (s/b)": 0.00023665893103245458, "runtimes": [0.9190549850463867, 0.8601102828979492, 0.8642933368682861, 0.8598480224609375, 0.8576867580413818, 0.8556017875671387, 0.8540778160095215, 0.8629169464111328, 0.8566257953643799, 0.8593966960906982, 0.8599286079406738, 0.8580727577209473, 0.8518514633178711, 0.8592221736907959, 0.8624622821807861], "clip_scores": [24.2099, 28.339, 27.975, 31.7231, 28.5419, 29.5872, 28.5319, 29.802, 29.6397, 29.3366, 29.4933, 29.1615, 25.5254, 36.8492, 33.6738]}