{"experiment": {"batch_size": 8, "num_inf_steps": 25, "image_size": [512, 512]}, "clip_score": 29.973513333333333, "runtime (s)": 11.89359351793925}