{"experiment": {"cache": true, "batch_size": 8, "num_inf_steps": 15, "image_size": [256, 256]}, "clip_score": 30.855372549019613, "clip_score variance": 4.273659599834678, "runtime (s/b)": 0.9918549528308943, "runtime variance (s/b)": 4.721833562332541, "runtimes": [31.95071053504944, 0.8149075508117676, 0.8165016174316406, 0.8189826011657715, 0.8193321228027344, 0.815554141998291, 0.815803050994873, 0.8277711868286133, 0.818413257598877, 0.8150620460510254, 0.8160526752471924, 0.8173906803131104, 0.8134033679962158, 0.8181271553039551, 0.8197152614593506, 0.8143606185913086, 0.8124253749847412, 0.819310188293457, 0.8156113624572754, 0.816638708114624, 0.8181540966033936, 0.8187692165374756, 0.8162393569946289, 0.8167526721954346, 0.8144636154174805, 0.8162567615509033, 0.818382978439331, 0.8164539337158203, 0.8177814483642578, 0.8180503845214844, 0.8211843967437744, 0.8178329467773438, 0.8203544616699219, 0.8201677799224854, 0.8276159763336182, 0.8418872356414795, 0.8296017646789551, 0.8286902904510498, 0.8297848701477051, 0.8277852535247803, 0.82879638671875, 0.8264994621276855, 0.8287835121154785, 0.8309462070465088, 0.8396706581115723, 0.8301510810852051, 0.8307764530181885, 0.8302056789398193, 0.8310401439666748, 0.8272371292114258, 0.8265552520751953, 0.854231595993042, 0.8382008075714111, 0.8366184234619141, 0.8280150890350342, 0.8296043872833252, 0.8285236358642578, 0.8289890289306641, 0.8346166610717773, 0.8270046710968018, 0.84275221824646, 0.823960542678833, 0.8342151641845703, 0.825810432434082, 0.836012601852417, 0.8293306827545166, 0.8322362899780273, 0.8387405872344971, 0.8283569812774658, 0.8322515487670898, 0.8312473297119141, 0.8364191055297852, 0.8347659111022949, 0.8392422199249268, 0.8338601589202881, 0.8337254524230957, 0.8328535556793213, 0.8312177658081055, 0.8329470157623291, 0.8333783149719238, 0.8338522911071777, 0.8365061283111572, 0.8431873321533203, 0.839439868927002, 0.836498498916626, 0.8398640155792236, 0.8358480930328369, 0.838881254196167, 0.8563175201416016, 0.8367569446563721, 0.8407583236694336, 0.8426504135131836, 0.8447878360748291, 0.8416428565979004, 0.8438735008239746, 0.838005781173706, 0.8366339206695557, 0.8380177021026611, 0.8380692005157471, 0.8335504531860352, 0.8437070846557617, 0.841456413269043, 0.8400628566741943, 0.8439145088195801, 0.8385567665100098, 0.8429110050201416, 0.9836387634277344, 0.8391423225402832, 0.8409948348999023, 0.838918924331665, 0.841339111328125, 0.8406383991241455, 0.8495140075683594, 0.8396973609924316, 0.8448472023010254, 0.8454620838165283, 0.839486837387085, 0.839653491973877, 0.8457942008972168, 0.8400568962097168, 0.8433582782745361, 0.8392221927642822, 0.8472483158111572, 0.8389520645141602, 0.839043378829956, 0.8393704891204834, 0.8414583206176758, 0.844179630279541, 0.8423163890838623, 0.8408925533294678, 0.8484249114990234, 0.8427748680114746, 0.838641881942749, 0.8447279930114746, 0.8427109718322754, 0.8409550189971924, 0.8415718078613281, 0.839580774307251, 0.9658427238464355, 0.8434982299804688, 0.8465266227722168, 0.8388662338256836, 0.8424179553985596, 0.8370506763458252, 0.8403630256652832, 0.8410604000091553, 0.8494613170623779, 0.8486523628234863, 0.8531601428985596, 0.8459455966949463, 0.8486168384552002, 0.8408143520355225, 0.8478579521179199, 0.8462891578674316, 0.8480033874511719, 0.8479664325714111, 0.8409430980682373, 0.8404414653778076, 0.8459358215332031, 0.8464350700378418, 0.8461494445800781, 0.8462731838226318, 0.850205659866333, 0.8455767631530762, 0.8532314300537109, 0.8473966121673584, 0.8422188758850098, 0.8538975715637207, 0.8480095863342285, 0.8503513336181641, 0.8513259887695312, 0.8436141014099121, 0.8482294082641602, 0.8492696285247803, 0.8584568500518799, 0.8485269546508789, 0.8461112976074219, 0.845646858215332, 0.8562335968017578, 0.8452625274658203, 0.8452303409576416, 0.8482375144958496, 0.8480684757232666, 0.8559854030609131, 0.8536715507507324, 0.84731125831604, 0.8448164463043213, 0.8442113399505615, 0.8467779159545898, 0.8482706546783447, 0.8459658622741699, 0.849189281463623, 0.8537881374359131, 0.8493390083312988, 0.8519225120544434, 0.8542385101318359, 0.8539927005767822, 0.8471169471740723, 0.8465766906738281, 0.8489136695861816, 0.9757645130157471, 0.8557302951812744, 0.8495080471038818, 0.8492088317871094], "clip_scores": [25.2108, 26.5989, 23.5633, 24.0257, 26.116, 25.4055, 26.5443, 30.9623, 29.7261, 29.8994, 29.7351, 31.1482, 28.7476, 28.2556, 27.9562, 29.1535, 28.4591, 29.4425, 28.5925, 30.2382, 29.5947, 28.0628, 29.0517, 30.4487, 29.849, 28.5738, 28.3696, 28.3865, 30.3465, 29.5637, 30.9527, 30.6612, 26.8636, 27.0992, 30.3108, 33.1874, 34.9404, 34.3305, 34.6554, 29.5423, 32.7999, 32.1578, 31.3714, 31.0629, 30.7695, 32.8244, 30.4125, 31.269, 33.3329, 32.0851, 33.0355, 32.9302, 31.6691, 32.5143, 30.8796, 28.6394, 31.5956, 28.8898, 29.4691, 30.7108, 29.9682, 32.0721, 29.3898, 29.6147, 32.5954, 30.7152, 30.7218, 31.5715, 30.7824, 32.088, 32.5094, 30.6855, 33.4562, 30.9428, 32.8362, 31.9097, 33.9863, 30.7408, 32.3772, 33.1248, 32.1395, 30.2508, 31.2157, 31.4646, 31.9788, 31.3387, 31.396, 32.3936, 32.4597, 33.062, 32.7649, 30.18, 30.9282, 34.847, 28.6751, 31.4408, 31.8049, 29.1629, 30.0896, 32.0218, 30.5914, 31.8332, 28.8731, 34.3807, 31.047, 28.092, 32.2142, 27.757, 30.5119, 28.5882, 28.9232, 29.4539, 28.7438, 32.553, 33.6301, 31.1955, 30.1406, 28.1368, 31.6088, 31.0936, 29.2771, 28.6065, 29.796, 30.6997, 29.6967, 33.677, 32.1688, 30.6014, 30.3901, 29.3435, 32.0439, 31.6428, 30.1329, 31.0996, 30.5289, 30.9762, 28.4976, 30.5432, 30.7723, 29.8772, 31.5491, 31.1763, 31.3908, 30.4368, 31.3932, 29.3457, 31.0951, 31.5769, 29.8531, 28.7513, 30.0284, 30.8959, 31.3669, 30.876, 32.8403, 31.1729, 32.6804, 32.1059, 29.0799, 32.1037, 29.8528, 33.1568, 32.5761, 30.4758, 29.7167, 31.9646, 29.1746, 33.3683, 33.4103, 33.0959, 30.6985, 32.5936, 32.4319, 31.6041, 32.9114, 34.3164, 32.5173, 32.4273, 36.6953, 32.2917, 33.8544, 30.2372, 33.7042, 33.1475, 33.1831, 32.5688, 31.6705, 33.3488, 33.7556, 33.431, 33.3762, 28.287, 32.019, 34.965, 29.6076, 31.3965, 32.4349, 31.182, 31.2813, 26.6387, 32.3546, 28.8921, 26.2287, 27.5012]}