{"experiment": {"image_size": [320, 320], "num_inf_steps": 15, "batch_size": 16}, "clip_score": 28.451925, "runtime (s)": 5.264755845069885}