{"experiment": {"cache": false, "batch_size": 8, "num_inf_steps": 15, "image_size": [256, 256]}, "clip_score": 31.19594, "clip_score variance": 4.377540961066663, "runtime (s/b)": 1.79380251566569, "runtime variance (s/b)": 0.0005193809949368087, "runtimes": [1.8755531311035156, 1.780747890472412, 1.7850112915039062, 1.7831048965454102, 1.784348964691162, 1.7900047302246094, 1.7856919765472412, 1.7857491970062256, 1.7861464023590088, 1.7915942668914795, 1.8100733757019043, 1.788222074508667, 1.78684401512146, 1.789196252822876, 1.7847492694854736], "clip_scores": [29.4798, 31.4537, 33.6782, 32.1254, 31.291, 32.0806, 31.1701, 34.6573, 30.9865, 28.4072, 32.0597, 34.4511, 30.4842, 28.1352, 27.4791]}