{"experiment": {"cache": false, "batch_size": 2, "num_inf_steps": 15, "image_size": [256, 256]}, "clip_score": 31.501926666666673, "clip_score variance": 12.196640777288888, "runtime (s/b)": 0.7616780519485473, "runtime variance (s/b)": 0.001162915356719054, "runtimes": [0.7928106784820557, 0.7727103233337402, 0.7605347633361816, 0.8220953941345215, 0.7836651802062988, 0.7723660469055176, 0.7565174102783203, 0.7936084270477295, 0.727989912033081, 0.7748832702636719, 0.7787337303161621, 0.7802743911743164, 0.7423901557922363, 0.7701871395111084, 0.7437829971313477, 0.7515995502471924, 0.7496716976165771, 0.7086882591247559, 0.7537200450897217, 0.7540795803070068, 0.7127315998077393, 0.7644736766815186, 0.7473714351654053, 0.7046220302581787, 0.7600228786468506, 0.7262279987335205, 0.7637546062469482, 0.7574422359466553, 0.8206360340118408, 0.759061336517334, 0.7305102348327637, 0.7503910064697266, 0.8404722213745117, 0.7773449420928955, 0.73624587059021, 0.8056948184967041, 0.7534604072570801, 0.7650320529937744, 0.7703256607055664, 0.7345883846282959, 0.7511022090911865, 0.7356765270233154, 0.8373217582702637, 0.8226132392883301, 0.8271214962005615, 0.8049633502960205, 0.8195188045501709, 0.8230376243591309, 0.7275636196136475, 0.7471652030944824, 0.7580177783966064, 0.7475900650024414, 0.749061107635498, 0.7097728252410889, 0.7330083847045898, 0.7063486576080322, 0.7282898426055908, 0.7149548530578613, 0.7494568824768066, 0.7373805046081543], "clip_scores": [37.1396, 29.1987, 32.4549, 27.4592, 31.6383, 34.3784, 31.6118, 28.4734, 32.6959, 35.1047, 32.324, 35.4158, 31.6534, 31.3689, 29.1703, 34.1369, 29.6791, 30.0385, 28.9817, 37.0409, 32.6491, 28.7073, 32.6047, 35.8133, 29.1346, 32.4432, 31.688, 32.3623, 33.4957, 38.8106, 34.1361, 33.6758, 31.7837, 30.9086, 30.608, 30.7516, 26.0909, 32.0922, 24.2096, 32.7459, 34.8126, 32.2978, 29.8515, 31.774, 32.1, 38.4012, 39.8374, 32.5535, 30.6845, 34.7043, 30.7963, 26.0458, 23.9205, 34.3207, 27.9973, 24.0515, 24.5542, 27.2025, 31.0226, 28.5118]}