{"experiment": {"cache": false, "batch_size": 2, "num_inf_steps": 25, "image_size": [256, 256]}, "clip_score": 31.447976666666666, "clip_score variance": 8.855342250788887, "runtime (s/b)": 1.1978092471758524, "runtime variance (s/b)": 0.003845678844709428, "runtimes": [1.2947089672088623, 1.2307500839233398, 1.1430692672729492, 1.1657414436340332, 1.160670518875122, 1.1608948707580566, 1.153247594833374, 1.2666199207305908, 1.1437933444976807, 1.3552629947662354, 1.142387866973877, 1.15871000289917, 1.1635043621063232, 1.2076225280761719, 1.323915958404541, 1.1889677047729492, 1.2934911251068115, 1.126502513885498, 1.1378600597381592, 1.2381937503814697, 1.2284181118011475, 1.155400037765503, 1.1706328392028809, 1.141937017440796, 1.136950969696045, 1.271864652633667, 1.1725778579711914, 1.1992244720458984, 1.1262092590332031, 1.1805055141448975, 1.1593570709228516, 1.111870288848877, 1.1180124282836914, 1.164640188217163, 1.1619389057159424, 1.114738941192627, 1.3099243640899658, 1.1964037418365479, 1.1659541130065918, 1.269014596939087, 1.1548314094543457, 1.2453069686889648, 1.159738302230835, 1.249659776687622, 1.3011746406555176, 1.196401834487915, 1.1932215690612793, 1.1157076358795166, 1.2894291877746582, 1.1339919567108154, 1.2865474224090576, 1.226308822631836, 1.2251288890838623, 1.235917568206787, 1.1114754676818848, 1.2489261627197266, 1.1555767059326172, 1.3002989292144775, 1.2340209484100342, 1.1934003829956055], "clip_scores": [37.6584, 28.1796, 31.9673, 29.0354, 30.8827, 31.1449, 29.3609, 29.7514, 30.0921, 34.3388, 32.943, 34.3386, 26.8973, 32.6308, 30.4886, 33.1033, 30.4006, 30.0335, 29.8465, 37.2684, 32.896, 28.587, 33.2555, 36.2267, 28.8016, 32.7629, 31.0793, 31.2652, 32.4086, 38.4877, 34.3805, 32.7873, 31.565, 33.044, 31.6874, 31.2381, 26.7692, 30.6892, 25.8037, 28.923, 32.5825, 31.9678, 29.9779, 31.1368, 32.3481, 37.1596, 37.7085, 33.9096, 33.0473, 31.6088, 32.4157, 33.1994, 30.5772, 31.1317, 28.607, 24.4283, 25.6384, 26.9587, 31.4005, 28.0548]}