{"experiment": {"batch_size": 8, "num_inf_steps": 15, "image_size": [512, 512]}, "clip_score": 29.685813333333332, "runtime (s)": 7.60716495513916}