{"experiment": {"cache": false, "batch_size": 2, "num_inf_steps": 25, "image_size": [512, 512]}, "clip_score": 31.883928333333333, "clip_score variance": 9.152507824030552, "runtime (s/b)": 3.031582474708557, "runtime variance (s/b)": 0.00020207173696367892, "runtimes": [3.1110026836395264, 2.9923930168151855, 3.0025274753570557, 3.0368123054504395, 3.0186338424682617, 3.0355420112609863, 3.028542995452881, 3.037463426589966, 3.0406899452209473, 3.0340609550476074, 3.044584274291992, 3.0358047485351562, 3.032071113586426, 3.034234046936035, 3.028081178665161, 3.031466245651245, 3.045623779296875, 3.026873826980591, 3.026494264602661, 3.0268585681915283, 3.0328736305236816, 3.0292627811431885, 3.030691385269165, 3.0243523120880127, 3.0272793769836426, 3.045376777648926, 3.024986982345581, 3.030791997909546, 3.0374915599823, 3.032702684402466, 3.031254291534424, 3.032261371612549, 3.021573543548584, 3.0303008556365967, 3.0373010635375977, 3.036508083343506, 3.0342490673065186, 3.0293712615966797, 3.0279018878936768, 3.0346038341522217, 3.0237410068511963, 3.019599676132202, 3.047978639602661, 3.041606903076172, 3.0418825149536133, 3.0395374298095703, 3.0305356979370117, 3.0303969383239746, 3.0296173095703125, 3.0246753692626953, 3.0400428771972656, 3.0349812507629395, 3.0255472660064697, 3.0441670417785645, 3.0217015743255615, 3.008333683013916, 3.0255064964294434, 3.0236008167266846, 3.022146463394165, 3.018454074859619], "clip_scores": [37.3482, 29.5573, 28.7084, 33.2238, 30.7532, 35.7129, 31.2214, 28.305, 32.515, 34.6369, 34.6284, 35.2879, 31.627, 32.1226, 29.2637, 33.6582, 33.0539, 30.656, 30.4142, 35.8256, 33.1155, 29.6069, 33.1547, 37.062, 32.1342, 31.9332, 30.7429, 32.038, 33.5458, 37.7189, 35.1778, 34.0924, 32.4253, 30.7051, 30.3766, 33.8242, 29.0098, 32.5032, 24.6612, 33.6787, 35.6599, 31.3268, 30.0894, 28.711, 34.1085, 38.6245, 35.2795, 34.0959, 31.5896, 30.1347, 32.2262, 28.105, 30.8986, 30.7893, 28.479, 24.1257, 27.7804, 26.8447, 31.3038, 26.8372]}