{"experiment": {"batch_size": 2, "num_inf_steps": 25, "image_size": [320, 320]}, "clip_score": 28.14475666666666, "runtime (s)": 1.415596890449524}