{"experiment": {"image_size": [512, 512], "num_inf_steps": 15, "batch_size": 8}, "clip_score": 29.994420000000005, "runtime (s)": 7.664862505594889}