{"experiment": {"batch_size": 2, "num_inf_steps": 25, "image_size": [512, 512]}, "clip_score": 29.894795000000002, "runtime (s)": 3.046727486451467}