{"experiment": {"cache": true, "batch_size": 8, "num_inf_steps": 15, "image_size": [512, 512]}, "clip_score": 31.537063725490196, "clip_score variance": 5.090509734076318, "runtime (s/b)": 3.59141700408038, "runtime variance (s/b)": 0.016586382724355905, "runtimes": [5.364394426345825, 3.435415744781494, 3.439678430557251, 3.452793598175049, 3.457796096801758, 3.4674103260040283, 3.4775307178497314, 3.473541736602783, 3.4849448204040527, 3.489675998687744, 3.49949049949646, 3.4779343605041504, 3.4911587238311768, 3.5054714679718018, 3.5131638050079346, 3.523679733276367, 3.5214240550994873, 3.518266201019287, 3.5439107418060303, 3.5310492515563965, 3.5466315746307373, 3.55924916267395, 3.5562684535980225, 3.5602359771728516, 3.5694737434387207, 3.583134412765503, 3.5781443119049072, 3.601125717163086, 3.581545352935791, 3.577216148376465, 3.569605827331543, 3.5679900646209717, 3.5624747276306152, 3.584651231765747, 3.589447498321533, 3.5941572189331055, 3.613818645477295, 3.6023318767547607, 3.6034066677093506, 3.6005516052246094, 3.5917394161224365, 3.5887527465820312, 3.5930471420288086, 3.5995025634765625, 3.608325481414795, 3.5964481830596924, 3.587399959564209, 3.5876576900482178, 3.5839388370513916, 3.5840351581573486, 3.5929601192474365, 3.589538812637329, 3.599398136138916, 3.5888147354125977, 3.5850064754486084, 3.590414524078369, 3.5942859649658203, 3.5898070335388184, 3.591243267059326, 3.6005661487579346, 3.589390754699707, 3.5906403064727783, 3.601329803466797, 3.5837528705596924, 3.5892720222473145, 3.5946085453033447, 3.5832533836364746, 3.5938479900360107, 3.584129571914673, 3.58056902885437, 3.5812203884124756, 3.591837167739868, 3.5944392681121826, 3.5936355590820312, 3.585623264312744, 3.5901999473571777, 3.5875144004821777, 3.596222400665283, 3.597522735595703, 3.6010663509368896, 3.596299648284912, 3.5925612449645996, 3.5865697860717773, 3.5910003185272217, 3.599209785461426, 3.598040819168091, 3.592590093612671, 3.5965967178344727, 3.590888500213623, 3.592207908630371, 3.586193084716797, 3.590902090072632, 3.5894713401794434, 3.597245693206787, 3.594064950942993, 3.597155809402466, 3.600221633911133, 3.5870678424835205, 3.595421552658081, 3.5900697708129883, 3.588529586791992, 3.5798285007476807, 3.592658519744873, 3.589195728302002, 3.597208261489868, 3.5943949222564697, 3.5911738872528076, 3.5961074829101562, 3.5914783477783203, 3.5924229621887207, 3.578364610671997, 3.5784223079681396, 3.589820623397827, 3.5826828479766846, 3.601052761077881, 3.5955350399017334, 3.5847225189208984, 3.6057779788970947, 3.5841004848480225, 3.580859661102295, 3.5841474533081055, 3.598628044128418, 3.5851292610168457, 3.593658447265625, 3.589668035507202, 3.594245433807373, 3.595970392227173, 3.585172653198242, 3.580193519592285, 3.590494155883789, 3.577693462371826, 3.597956418991089, 3.5853307247161865, 3.5872457027435303, 3.6113579273223877, 3.6093780994415283, 3.5952670574188232, 3.5822854042053223, 3.5990145206451416, 3.5969491004943848, 3.585728645324707, 3.5773732662200928, 3.5948143005371094, 3.590123414993286, 3.612715482711792, 3.6216084957122803, 3.6056320667266846, 3.6153221130371094, 3.6244232654571533, 3.6165575981140137, 3.627880334854126, 3.6223270893096924, 3.6289491653442383, 3.616710662841797, 3.583277702331543, 3.5758421421051025, 3.5930263996124268, 3.586944818496704, 3.5952210426330566, 3.5834457874298096, 3.5937960147857666, 3.5949466228485107, 3.584688425064087, 3.5917396545410156, 3.5848724842071533, 3.5971405506134033, 3.5855767726898193, 3.581292152404785, 3.5980653762817383, 3.5846383571624756, 3.5987274646759033, 3.5966358184814453, 3.5906262397766113, 3.603782892227173, 3.5984065532684326, 3.614473342895508, 3.5838332176208496, 3.587832450866699, 3.6108620166778564, 3.602886199951172, 3.614558219909668, 3.5892598628997803, 3.583571434020996, 3.592071056365967, 3.6033453941345215, 3.599032163619995, 3.603347063064575, 3.5970380306243896, 3.5878164768218994, 3.6037003993988037, 3.581021547317505, 3.601994752883911, 3.5929620265960693, 3.5913500785827637, 3.5890979766845703, 3.6028220653533936, 3.591228485107422, 3.6054575443267822, 3.593353509902954, 3.6031525135040283, 3.590968132019043, 3.587728261947632, 3.588771343231201, 3.591623544692993], "clip_scores": [25.7974, 24.7035, 25.113, 23.7053, 25.0884, 28.0413, 25.4111, 30.1402, 29.5638, 29.8769, 29.6112, 30.5361, 28.5837, 28.1227, 28.6769, 29.8018, 28.3768, 31.3917, 29.0474, 29.1849, 29.2303, 29.8134, 29.2277, 32.1605, 29.987, 30.051, 29.4652, 28.5777, 30.9582, 28.5684, 30.2913, 30.9495, 25.8761, 27.4503, 32.2141, 33.0, 36.7976, 37.2712, 36.4385, 31.6783, 34.2109, 33.0526, 32.1512, 31.792, 31.9522, 33.2056, 30.6601, 31.4633, 33.1245, 33.4339, 31.7864, 33.1704, 33.8072, 34.8952, 33.1635, 32.1884, 34.4323, 31.3277, 32.5619, 31.7439, 29.737, 32.6211, 30.4534, 29.6611, 31.2981, 32.4923, 34.1916, 33.0721, 29.191, 32.605, 32.2503, 31.2016, 32.5878, 31.7378, 33.4815, 32.4871, 34.8799, 30.7973, 34.1565, 31.8766, 34.9934, 29.1787, 31.5368, 30.7093, 31.1935, 29.98, 31.8488, 32.0609, 34.3324, 34.6152, 32.2465, 32.0845, 33.0314, 35.6068, 29.7285, 29.2458, 31.3912, 31.0097, 29.3268, 32.2646, 31.6506, 29.7645, 33.3875, 32.8194, 31.1881, 30.0299, 32.4424, 29.3632, 30.9762, 29.3633, 29.8739, 30.7841, 29.1479, 32.1297, 30.7345, 35.4197, 30.6924, 31.3359, 32.368, 31.9594, 29.9591, 30.5244, 31.9538, 30.9717, 31.7471, 31.7724, 32.3352, 32.9747, 31.7923, 31.5473, 31.3859, 31.1004, 30.023, 29.8523, 31.356, 32.3477, 32.0115, 30.4251, 31.9469, 31.7502, 31.067, 30.77, 32.218, 31.5051, 30.5627, 30.0573, 31.7861, 31.6643, 31.5301, 31.6684, 30.5666, 32.1444, 30.8037, 29.7064, 32.1019, 30.9799, 32.6397, 33.4587, 30.4826, 30.726, 30.5663, 33.5595, 30.8087, 30.2735, 31.372, 30.3189, 30.3026, 34.8787, 35.9825, 32.1872, 31.8787, 35.9158, 33.22, 30.76, 32.9469, 35.6294, 32.999, 33.5766, 37.2057, 33.381, 34.1362, 33.9742, 32.925, 32.859, 35.511, 31.0106, 32.3257, 32.934, 36.3659, 34.3255, 34.5397, 31.7743, 34.2766, 36.69, 29.1953, 30.6746, 32.3227, 31.1694, 31.4388, 30.4539, 33.3758, 30.7778, 27.6173, 33.4107]}